,survived,pclass,sex,age,sibsp,parch,fare,adult_male,alone
0,0,3,1,22.0,1,0,7.25,1,1
1,1,1,0,38.0,1,0,71.2833,0,0
2,1,3,0,26.0,0,0,7.925,0,0
3,1,1,0,35.0,1,0,53.1,0,0
4,0,3,1,35.0,0,0,8.05,1,1
6,0,1,1,54.0,0,0,51.8625,1,1
7,0,3,1,2.0,3,1,21.075,1,1
8,1,3,0,27.0,0,2,11.1333,0,0
9,1,2,0,14.0,1,0,30.0708,0,0
10,1,3,0,4.0,1,1,16.7,0,0
11,1,1,0,58.0,0,0,26.55,0,0
12,0,3,1,20.0,0,0,8.05,1,1
13,0,3,1,39.0,1,5,31.275,1,1
14,0,3,0,14.0,0,0,7.8542,0,0
15,1,2,0,55.0,0,0,16.0,0,0
16,0,3,1,2.0,4,1,29.125,1,1
18,0,3,0,31.0,1,0,18.0,0,0
20,0,2,1,35.0,0,0,26.0,1,1
21,1,2,1,34.0,0,0,13.0,1,1
22,1,3,0,15.0,0,0,8.0292,0,0
23,1,1,1,28.0,0,0,35.5,1,1
24,0,3,0,8.0,3,1,21.075,0,0
25,1,3,0,38.0,1,5,31.3875,0,0
27,0,1,1,19.0,3,2,263.0,1,1
30,0,1,1,40.0,0,0,27.7208,1,1
33,0,2,1,66.0,0,0,10.5,1,1
34,0,1,1,28.0,1,0,82.1708,1,1
35,0,1,1,42.0,1,0,52.0,1,1
37,0,3,1,21.0,0,0,8.05,1,1
38,0,3,0,18.0,2,0,18.0,0,0
39,1,3,0,14.0,1,0,11.2417,0,0
40,0,3,0,40.0,1,0,9.475,0,0
41,0,2,0,27.0,1,0,21.0,0,0
43,1,2,0,3.0,1,2,41.5792,0,0
44,1,3,0,19.0,0,0,7.8792,0,0
49,0,3,0,18.0,1,0,17.8,0,0
50,0,3,1,7.0,4,1,39.6875,1,1
51,0,3,1,21.0,0,0,7.8,1,1
52,1,1,0,49.0,1,0,76.7292,0,0
53,1,2,0,29.0,1,0,26.0,0,0
54,0,1,1,65.0,0,1,61.9792,1,1
56,1,2,0,21.0,0,0,10.5,0,0
57,0,3,1,28.5,0,0,7.2292,1,1
58,1,2,0,5.0,1,2,27.75,0,0
59,0,3,1,11.0,5,2,46.9,1,1
60,0,3,1,22.0,0,0,7.2292,1,1
61,1,1,0,38.0,0,0,80.0,0,0
62,0,1,1,45.0,1,0,83.475,1,1
63,0,3,1,4.0,3,2,27.9,1,1
66,1,2,0,29.0,0,0,10.5,0,0
67,0,3,1,19.0,0,0,8.1583,1,1
68,1,3,0,17.0,4,2,7.925,0,0
69,0,3,1,26.0,2,0,8.6625,1,1
70,0,2,1,32.0,0,0,10.5,1,1
71,0,3,0,16.0,5,2,46.9,0,0
72,0,2,1,21.0,0,0,73.5,1,1
73,0,3,1,26.0,1,0,14.4542,1,1
74,1,3,1,32.0,0,0,56.4958,1,1
75,0,3,1,25.0,0,0,7.65,1,1
78,1,2,1,0.83,0,2,29.0,1,1
79,1,3,0,30.0,0,0,12.475,0,0
80,0,3,1,22.0,0,0,9.0,1,1
81,1,3,1,29.0,0,0,9.5,1,1
83,0,1,1,28.0,0,0,47.1,1,1
84,1,2,0,17.0,0,0,10.5,0,0
85,1,3,0,33.0,3,0,15.85,0,0
86,0,3,1,16.0,1,3,34.375,1,1
88,1,1,0,23.0,3,2,263.0,0,0
89,0,3,1,24.0,0,0,8.05,1,1
90,0,3,1,29.0,0,0,8.05,1,1
91,0,3,1,20.0,0,0,7.8542,1,1
92,0,1,1,46.0,1,0,61.175,1,1
93,0,3,1,26.0,1,2,20.575,1,1
94,0,3,1,59.0,0,0,7.25,1,1
96,0,1,1,71.0,0,0,34.6542,1,1
97,1,1,1,23.0,0,1,63.3583,1,1
98,1,2,0,34.0,0,1,23.0,0,0
99,0,2,1,34.0,1,0,26.0,1,1
100,0,3,0,28.0,0,0,7.8958,0,0
102,0,1,1,21.0,0,1,77.2875,1,1
103,0,3,1,33.0,0,0,8.6542,1,1
104,0,3,1,37.0,2,0,7.925,1,1
105,0,3,1,28.0,0,0,7.8958,1,1
106,1,3,0,21.0,0,0,7.65,0,0
108,0,3,1,38.0,0,0,7.8958,1,1
110,0,1,1,47.0,0,0,52.0,1,1
111,0,3,0,14.5,1,0,14.4542,0,0
112,0,3,1,22.0,0,0,8.05,1,1
113,0,3,0,20.0,1,0,9.825,0,0
114,0,3,0,17.0,0,0,14.4583,0,0
115,0,3,1,21.0,0,0,7.925,1,1
116,0,3,1,70.5,0,0,7.75,1,1
117,0,2,1,29.0,1,0,21.0,1,1
118,0,1,1,24.0,0,1,247.5208,1,1
119,0,3,0,2.0,4,2,31.275,0,0
120,0,2,1,21.0,2,0,73.5,1,1
122,0,2,1,32.5,1,0,30.0708,1,1
123,1,2,0,32.5,0,0,13.0,0,0
124,0,1,1,54.0,0,1,77.2875,1,1
125,1,3,1,12.0,1,0,11.2417,1,1
127,1,3,1,24.0,0,0,7.1417,1,1
129,0,3,1,45.0,0,0,6.975,1,1
130,0,3,1,33.0,0,0,7.8958,1,1
131,0,3,1,20.0,0,0,7.05,1,1
132,0,3,0,47.0,1,0,14.5,0,0
133,1,2,0,29.0,1,0,26.0,0,0
134,0,2,1,25.0,0,0,13.0,1,1
135,0,2,1,23.0,0,0,15.0458,1,1
136,1,1,0,19.0,0,2,26.2833,0,0
137,0,1,1,37.0,1,0,53.1,1,1
138,0,3,1,16.0,0,0,9.2167,1,1
139,0,1,1,24.0,0,0,79.2,1,1
141,1,3,0,22.0,0,0,7.75,0,0
142,1,3,0,24.0,1,0,15.85,0,0
143,0,3,1,19.0,0,0,6.75,1,1
144,0,2,1,18.0,0,0,11.5,1,1
145,0,2,1,19.0,1,1,36.75,1,1
146,1,3,1,27.0,0,0,7.7958,1,1
147,0,3,0,9.0,2,2,34.375,0,0
148,0,2,1,36.5,0,2,26.0,1,1
149,0,2,1,42.0,0,0,13.0,1,1
150,0,2,1,51.0,0,0,12.525,1,1
151,1,1,0,22.0,1,0,66.6,0,0
152,0,3,1,55.5,0,0,8.05,1,1
153,0,3,1,40.5,0,2,14.5,1,1
155,0,1,1,51.0,0,1,61.3792,1,1
156,1,3,0,16.0,0,0,7.7333,0,0
157,0,3,1,30.0,0,0,8.05,1,1
160,0,3,1,44.0,0,1,16.1,1,1
161,1,2,0,40.0,0,0,15.75,0,0
162,0,3,1,26.0,0,0,7.775,1,1
163,0,3,1,17.0,0,0,8.6625,1,1
164,0,3,1,1.0,4,1,39.6875,1,1
165,1,3,1,9.0,0,2,20.525,1,1
167,0,3,0,45.0,1,4,27.9,0,0
169,0,3,1,28.0,0,0,56.4958,1,1
170,0,1,1,61.0,0,0,33.5,1,1
171,0,3,1,4.0,4,1,29.125,1,1
172,1,3,0,1.0,1,1,11.1333,0,0
173,0,3,1,21.0,0,0,7.925,1,1
174,0,1,1,56.0,0,0,30.6958,1,1
175,0,3,1,18.0,1,1,7.8542,1,1
177,0,1,0,50.0,0,0,28.7125,0,0
178,0,2,1,30.0,0,0,13.0,1,1
179,0,3,1,36.0,0,0,0.0,1,1
182,0,3,1,9.0,4,2,31.3875,1,1
183,1,2,1,1.0,2,1,39.0,1,1
184,1,3,0,4.0,0,2,22.025,0,0
187,1,1,1,45.0,0,0,26.55,1,1
188,0,3,1,40.0,1,1,15.5,1,1
189,0,3,1,36.0,0,0,7.8958,1,1
190,1,2,0,32.0,0,0,13.0,0,0
191,0,2,1,19.0,0,0,13.0,1,1
192,1,3,0,19.0,1,0,7.8542,0,0
193,1,2,1,3.0,1,1,26.0,1,1
194,1,1,0,44.0,0,0,27.7208,0,0
195,1,1,0,58.0,0,0,146.5208,0,0
197,0,3,1,42.0,0,1,8.4042,1,1
199,0,2,0,24.0,0,0,13.0,0,0
200,0,3,1,28.0,0,0,9.5,1,1
202,0,3,1,34.0,0,0,6.4958,1,1
203,0,3,1,45.5,0,0,7.225,1,1
204,1,3,1,18.0,0,0,8.05,1,1
205,0,3,0,2.0,0,1,10.4625,0,0
206,0,3,1,32.0,1,0,15.85,1,1
207,1,3,1,26.0,0,0,18.7875,1,1
208,1,3,0,16.0,0,0,7.75,0,0
209,1,1,1,40.0,0,0,31.0,1,1
210,0,3,1,24.0,0,0,7.05,1,1
211,1,2,0,35.0,0,0,21.0,0,0
212,0,3,1,22.0,0,0,7.25,1,1
213,0,2,1,30.0,0,0,13.0,1,1
215,1,1,0,31.0,1,0,113.275,0,0
216,1,3,0,27.0,0,0,7.925,0,0
217,0,2,1,42.0,1,0,27.0,1,1
218,1,1,0,32.0,0,0,76.2917,0,0
219,0,2,1,30.0,0,0,10.5,1,1
220,1,3,1,16.0,0,0,8.05,1,1
221,0,2,1,27.0,0,0,13.0,1,1
222,0,3,1,51.0,0,0,8.05,1,1
224,1,1,1,38.0,1,0,90.0,1,1
225,0,3,1,22.0,0,0,9.35,1,1
226,1,2,1,19.0,0,0,10.5,1,1
227,0,3,1,20.5,0,0,7.25,1,1
228,0,2,1,18.0,0,0,13.0,1,1
230,1,1,0,35.0,1,0,83.475,0,0
231,0,3,1,29.0,0,0,7.775,1,1
232,0,2,1,59.0,0,0,13.5,1,1
233,1,3,0,5.0,4,2,31.3875,0,0
234,0,2,1,24.0,0,0,10.5,1,1
236,0,2,1,44.0,1,0,26.0,1,1
237,1,2,0,8.0,0,2,26.25,0,0
238,0,2,1,19.0,0,0,10.5,1,1
239,0,2,1,33.0,0,0,12.275,1,1
242,0,2,1,29.0,0,0,10.5,1,1
243,0,3,1,22.0,0,0,7.125,1,1
244,0,3,1,30.0,0,0,7.225,1,1
245,0,1,1,44.0,2,0,90.0,1,1
246,0,3,0,25.0,0,0,7.775,0,0
247,1,2,0,24.0,0,2,14.5,0,0
248,1,1,1,37.0,1,1,52.5542,1,1
249,0,2,1,54.0,1,0,26.0,1,1
251,0,3,0,29.0,1,1,10.4625,0,0
252,0,1,1,62.0,0,0,26.55,1,1
253,0,3,1,30.0,1,0,16.1,1,1
254,0,3,0,41.0,0,2,20.2125,0,0
255,1,3,0,29.0,0,2,15.2458,0,0
257,1,1,0,30.0,0,0,86.5,0,0
258,1,1,0,35.0,0,0,512.3292,0,0
259,1,2,0,50.0,0,1,26.0,0,0
261,1,3,1,3.0,4,2,31.3875,1,1
262,0,1,1,52.0,1,1,79.65,1,1
263,0,1,1,40.0,0,0,0.0,1,1
265,0,2,1,36.0,0,0,10.5,1,1
266,0,3,1,16.0,4,1,39.6875,1,1
267,1,3,1,25.0,1,0,7.775,1,1
268,1,1,0,58.0,0,1,153.4625,0,0
269,1,1,0,35.0,0,0,135.6333,0,0
271,1,3,1,25.0,0,0,0.0,1,1
272,1,2,0,41.0,0,1,19.5,0,0
273,0,1,1,37.0,0,1,29.7,1,1
275,1,1,0,63.0,1,0,77.9583,0,0
276,0,3,0,45.0,0,0,7.75,0,0
278,0,3,1,7.0,4,1,29.125,1,1
279,1,3,0,35.0,1,1,20.25,0,0
280,0,3,1,65.0,0,0,7.75,1,1
281,0,3,1,28.0,0,0,7.8542,1,1
282,0,3,1,16.0,0,0,9.5,1,1
283,1,3,1,19.0,0,0,8.05,1,1
285,0,3,1,33.0,0,0,8.6625,1,1
286,1,3,1,30.0,0,0,9.5,1,1
287,0,3,1,22.0,0,0,7.8958,1,1
288,1,2,1,42.0,0,0,13.0,1,1
289,1,3,0,22.0,0,0,7.75,0,0
290,1,1,0,26.0,0,0,78.85,0,0
291,1,1,0,19.0,1,0,91.0792,0,0
292,0,2,1,36.0,0,0,12.875,1,1
293,0,3,0,24.0,0,0,8.85,0,0
294,0,3,1,24.0,0,0,7.8958,1,1
296,0,3,1,23.5,0,0,7.2292,1,1
297,0,1,0,2.0,1,2,151.55,0,0
299,1,1,0,50.0,0,1,247.5208,0,0
302,0,3,1,19.0,0,0,0.0,1,1
305,1,1,1,0.92,1,2,151.55,1,1
307,1,1,0,17.0,1,0,108.9,0,0
308,0,2,1,30.0,1,0,24.0,1,1
309,1,1,0,30.0,0,0,56.9292,0,0
310,1,1,0,24.0,0,0,83.1583,0,0
311,1,1,0,18.0,2,2,262.375,0,0
312,0,2,0,26.0,1,1,26.0,0,0
313,0,3,1,28.0,0,0,7.8958,1,1
314,0,2,1,43.0,1,1,26.25,1,1
315,1,3,0,26.0,0,0,7.8542,0,0
316,1,2,0,24.0,1,0,26.0,0,0
317,0,2,1,54.0,0,0,14.0,1,1
318,1,1,0,31.0,0,2,164.8667,0,0
319,1,1,0,40.0,1,1,134.5,0,0
320,0,3,1,22.0,0,0,7.25,1,1
321,0,3,1,27.0,0,0,7.8958,1,1
322,1,2,0,30.0,0,0,12.35,0,0
323,1,2,0,22.0,1,1,29.0,0,0
325,1,1,0,36.0,0,0,135.6333,0,0
326,0,3,1,61.0,0,0,6.2375,1,1
327,1,2,0,36.0,0,0,13.0,0,0
328,1,3,0,31.0,1,1,20.525,0,0
329,1,1,0,16.0,0,1,57.9792,0,0
331,0,1,1,45.5,0,0,28.5,1,1
332,0,1,1,38.0,0,1,153.4625,1,1
333,0,3,1,16.0,2,0,18.0,1,1
336,0,1,1,29.0,1,0,66.6,1,1
337,1,1,0,41.0,0,0,134.5,0,0
338,1,3,1,45.0,0,0,8.05,1,1
339,0,1,1,45.0,0,0,35.5,1,1
340,1,2,1,2.0,1,1,26.0,1,1
341,1,1,0,24.0,3,2,263.0,0,0
342,0,2,1,28.0,0,0,13.0,1,1
343,0,2,1,25.0,0,0,13.0,1,1
344,0,2,1,36.0,0,0,13.0,1,1
345,1,2,0,24.0,0,0,13.0,0,0
346,1,2,0,40.0,0,0,13.0,0,0
348,1,3,1,3.0,1,1,15.9,1,1
349,0,3,1,42.0,0,0,8.6625,1,1
350,0,3,1,23.0,0,0,9.225,1,1
352,0,3,1,15.0,1,1,7.2292,1,1
353,0,3,1,25.0,1,0,17.8,1,1
355,0,3,1,28.0,0,0,9.5,1,1
356,1,1,0,22.0,0,1,55.0,0,0
357,0,2,0,38.0,0,0,13.0,0,0
360,0,3,1,40.0,1,4,27.9,1,1
361,0,2,1,29.0,1,0,27.7208,1,1
362,0,3,0,45.0,0,1,14.4542,0,0
363,0,3,1,35.0,0,0,7.05,1,1
365,0,3,1,30.0,0,0,7.25,1,1
366,1,1,0,60.0,1,0,75.25,0,0
369,1,1,0,24.0,0,0,69.3,0,0
370,1,1,1,25.0,1,0,55.4417,1,1
371,0,3,1,18.0,1,0,6.4958,1,1
372,0,3,1,19.0,0,0,8.05,1,1
373,0,1,1,22.0,0,0,135.6333,1,1
374,0,3,0,3.0,3,1,21.075,0,0
376,1,3,0,22.0,0,0,7.25,0,0
377,0,1,1,27.0,0,2,211.5,1,1
378,0,3,1,20.0,0,0,4.0125,1,1
379,0,3,1,19.0,0,0,7.775,1,1
380,1,1,0,42.0,0,0,227.525,0,0
381,1,3,0,1.0,0,2,15.7417,0,0
382,0,3,1,32.0,0,0,7.925,1,1
383,1,1,0,35.0,1,0,52.0,0,0
385,0,2,1,18.0,0,0,73.5,1,1
386,0,3,1,1.0,5,2,46.9,1,1
387,1,2,0,36.0,0,0,13.0,0,0
389,1,2,0,17.0,0,0,12.0,0,0
390,1,1,1,36.0,1,2,120.0,1,1
391,1,3,1,21.0,0,0,7.7958,1,1
392,0,3,1,28.0,2,0,7.925,1,1
393,1,1,0,23.0,1,0,113.275,0,0
394,1,3,0,24.0,0,2,16.7,0,0
395,0,3,1,22.0,0,0,7.7958,1,1
396,0,3,0,31.0,0,0,7.8542,0,0
397,0,2,1,46.0,0,0,26.0,1,1
398,0,2,1,23.0,0,0,10.5,1,1
399,1,2,0,28.0,0,0,12.65,0,0
400,1,3,1,39.0,0,0,7.925,1,1
401,0,3,1,26.0,0,0,8.05,1,1
402,0,3,0,21.0,1,0,9.825,0,0
403,0,3,1,28.0,1,0,15.85,1,1
404,0,3,0,20.0,0,0,8.6625,0,0
405,0,2,1,34.0,1,0,21.0,1,1
406,0,3,1,51.0,0,0,7.75,1,1
407,1,2,1,3.0,1,1,18.75,1,1
408,0,3,1,21.0,0,0,7.775,1,1
412,1,1,0,33.0,1,0,90.0,0,0
414,1,3,1,44.0,0,0,7.925,1,1
416,1,2,0,34.0,1,1,32.5,0,0
417,1,2,0,18.0,0,2,13.0,0,0
418,0,2,1,30.0,0,0,13.0,1,1
419,0,3,0,10.0,0,2,24.15,0,0
421,0,3,1,21.0,0,0,7.7333,1,1
422,0,3,1,29.0,0,0,7.875,1,1
423,0,3,0,28.0,1,1,14.4,0,0
424,0,3,1,18.0,1,1,20.2125,1,1
426,1,2,0,28.0,1,0,26.0,0,0
427,1,2,0,19.0,0,0,26.0,0,0
429,1,3,1,32.0,0,0,8.05,1,1
430,1,1,1,28.0,0,0,26.55,1,1
432,1,2,0,42.0,1,0,26.0,0,0
433,0,3,1,17.0,0,0,7.125,1,1
434,0,1,1,50.0,1,0,55.9,1,1
435,1,1,0,14.0,1,2,120.0,0,0
436,0,3,0,21.0,2,2,34.375,0,0
437,1,2,0,24.0,2,3,18.75,0,0
438,0,1,1,64.0,1,4,263.0,1,1
439,0,2,1,31.0,0,0,10.5,1,1
440,1,2,0,45.0,1,1,26.25,0,0
441,0,3,1,20.0,0,0,9.5,1,1
442,0,3,1,25.0,1,0,7.775,1,1
443,1,2,0,28.0,0,0,13.0,0,0
445,1,1,1,4.0,0,2,81.8583,1,1
446,1,2,0,13.0,0,1,19.5,0,0
447,1,1,1,34.0,0,0,26.55,1,1
448,1,3,0,5.0,2,1,19.2583,0,0
449,1,1,1,52.0,0,0,30.5,1,1
450,0,2,1,36.0,1,2,27.75,1,1
452,0,1,1,30.0,0,0,27.75,1,1
453,1,1,1,49.0,1,0,89.1042,1,1
455,1,3,1,29.0,0,0,7.8958,1,1
456,0,1,1,65.0,0,0,26.55,1,1
458,1,2,0,50.0,0,0,10.5,0,0
460,1,1,1,48.0,0,0,26.55,1,1
461,0,3,1,34.0,0,0,8.05,1,1
462,0,1,1,47.0,0,0,38.5,1,1
463,0,2,1,48.0,0,0,13.0,1,1
465,0,3,1,38.0,0,0,7.05,1,1
467,0,1,1,56.0,0,0,26.55,1,1
469,1,3,0,0.75,2,1,19.2583,0,0
471,0,3,1,38.0,0,0,8.6625,1,1
472,1,2,0,33.0,1,2,27.75,0,0
473,1,2,0,23.0,0,0,13.7917,0,0
474,0,3,0,22.0,0,0,9.8375,0,0
476,0,2,1,34.0,1,0,21.0,1,1
477,0,3,1,29.0,1,0,7.0458,1,1
478,0,3,1,22.0,0,0,7.5208,1,1
479,1,3,0,2.0,0,1,12.2875,0,0
480,0,3,1,9.0,5,2,46.9,1,1
482,0,3,1,50.0,0,0,8.05,1,1
483,1,3,0,63.0,0,0,9.5875,0,0
484,1,1,1,25.0,1,0,91.0792,1,1
486,1,1,0,35.0,1,0,90.0,0,0
487,0,1,1,58.0,0,0,29.7,1,1
488,0,3,1,30.0,0,0,8.05,1,1
489,1,3,1,9.0,1,1,15.9,1,1
491,0,3,1,21.0,0,0,7.25,1,1
492,0,1,1,55.0,0,0,30.5,1,1
493,0,1,1,71.0,0,0,49.5042,1,1
494,0,3,1,21.0,0,0,8.05,1,1
496,1,1,0,54.0,1,0,78.2667,0,0
498,0,1,0,25.0,1,2,151.55,0,0
499,0,3,1,24.0,0,0,7.7958,1,1
500,0,3,1,17.0,0,0,8.6625,1,1
501,0,3,0,21.0,0,0,7.75,0,0
503,0,3,0,37.0,0,0,9.5875,0,0
504,1,1,0,16.0,0,0,86.5,0,0
505,0,1,1,18.0,1,0,108.9,1,1
506,1,2,0,33.0,0,2,26.0,0,0
508,0,3,1,28.0,0,0,22.525,1,1
509,1,3,1,26.0,0,0,56.4958,1,1
510,1,3,1,29.0,0,0,7.75,1,1
512,1,1,1,36.0,0,0,26.2875,1,1
513,1,1,0,54.0,1,0,59.4,0,0
514,0,3,1,24.0,0,0,7.4958,1,1
515,0,1,1,47.0,0,0,34.0208,1,1
516,1,2,0,34.0,0,0,10.5,0,0
518,1,2,0,36.0,1,0,26.0,0,0
519,0,3,1,32.0,0,0,7.8958,1,1
520,1,1,0,30.0,0,0,93.5,0,0
521,0,3,1,22.0,0,0,7.8958,1,1
523,1,1,0,44.0,0,1,57.9792,0,0
525,0,3,1,40.5,0,0,7.75,1,1
526,1,2,0,50.0,0,0,10.5,0,0
528,0,3,1,39.0,0,0,7.925,1,1
529,0,2,1,23.0,2,1,11.5,1,1
530,1,2,0,2.0,1,1,26.0,0,0
532,0,3,1,17.0,1,1,7.2292,1,1
534,0,3,0,30.0,0,0,8.6625,0,0
535,1,2,0,7.0,0,2,26.25,0,0
536,0,1,1,45.0,0,0,26.55,1,1
537,1,1,0,30.0,0,0,106.425,0,0
539,1,1,0,22.0,0,2,49.5,0,0
540,1,1,0,36.0,0,2,71.0,0,0
541,0,3,0,9.0,4,2,31.275,0,0
542,0,3,0,11.0,4,2,31.275,0,0
543,1,2,1,32.0,1,0,26.0,1,1
544,0,1,1,50.0,1,0,106.425,1,1
545,0,1,1,64.0,0,0,26.0,1,1
546,1,2,0,19.0,1,0,26.0,0,0
548,0,3,1,33.0,1,1,20.525,1,1
549,1,2,1,8.0,1,1,36.75,1,1
550,1,1,1,17.0,0,2,110.8833,1,1
551,0,2,1,27.0,0,0,26.0,1,1
553,1,3,1,22.0,0,0,7.225,1,1
554,1,3,0,22.0,0,0,7.775,0,0
555,0,1,1,62.0,0,0,26.55,1,1
556,1,1,0,48.0,1,0,39.6,0,0
558,1,1,0,39.0,1,1,79.65,0,0
559,1,3,0,36.0,1,0,17.4,0,0
561,0,3,1,40.0,0,0,7.8958,1,1
562,0,2,1,28.0,0,0,13.5,1,1
565,0,3,1,24.0,2,0,24.15,1,1
566,0,3,1,19.0,0,0,7.8958,1,1
567,0,3,0,29.0,0,4,21.075,0,0
569,1,3,1,32.0,0,0,7.8542,1,1
570,1,2,1,62.0,0,0,10.5,1,1
571,1,1,0,53.0,2,0,51.4792,0,0
572,1,1,1,36.0,0,0,26.3875,1,1
574,0,3,1,16.0,0,0,8.05,1,1
575,0,3,1,19.0,0,0,14.5,1,1
576,1,2,0,34.0,0,0,13.0,0,0
577,1,1,0,39.0,1,0,55.9,0,0
579,1,3,1,32.0,0,0,7.925,1,1
580,1,2,0,25.0,1,1,30.0,0,0
581,1,1,0,39.0,1,1,110.8833,0,0
582,0,2,1,54.0,0,0,26.0,1,1
583,0,1,1,36.0,0,0,40.125,1,1
585,1,1,0,18.0,0,2,79.65,0,0
586,0,2,1,47.0,0,0,15.0,1,1
587,1,1,1,60.0,1,1,79.2,1,1
588,0,3,1,22.0,0,0,8.05,1,1
590,0,3,1,35.0,0,0,7.125,1,1
591,1,1,0,52.0,1,0,78.2667,0,0
592,0,3,1,47.0,0,0,7.25,1,1
594,0,2,1,37.0,1,0,26.0,1,1
595,0,3,1,36.0,1,1,24.15,1,1
597,0,3,1,49.0,0,0,0.0,1,1
599,1,1,1,49.0,1,0,56.9292,1,1
600,1,2,0,24.0,2,1,27.0,0,0
603,0,3,1,44.0,0,0,8.05,1,1
604,1,1,1,35.0,0,0,26.55,1,1
605,0,3,1,36.0,1,0,15.55,1,1
606,0,3,1,30.0,0,0,7.8958,1,1
607,1,1,1,27.0,0,0,30.5,1,1
608,1,2,0,22.0,1,2,41.5792,0,0
609,1,1,0,40.0,0,0,153.4625,0,0
610,0,3,0,39.0,1,5,31.275,0,0
614,0,3,1,35.0,0,0,8.05,1,1
615,1,2,0,24.0,1,2,65.0,0,0
616,0,3,1,34.0,1,1,14.4,1,1
617,0,3,0,26.0,1,0,16.1,0,0
618,1,2,0,4.0,2,1,39.0,0,0
619,0,2,1,26.0,0,0,10.5,1,1
620,0,3,1,27.0,1,0,14.4542,1,1
621,1,1,1,42.0,1,0,52.5542,1,1
622,1,3,1,20.0,1,1,15.7417,1,1
623,0,3,1,21.0,0,0,7.8542,1,1
624,0,3,1,21.0,0,0,16.1,1,1
625,0,1,1,61.0,0,0,32.3208,1,1
626,0,2,1,57.0,0,0,12.35,1,1
627,1,1,0,21.0,0,0,77.9583,0,0
628,0,3,1,26.0,0,0,7.8958,1,1
630,1,1,1,80.0,0,0,30.0,1,1
631,0,3,1,51.0,0,0,7.0542,1,1
632,1,1,1,32.0,0,0,30.5,1,1
634,0,3,0,9.0,3,2,27.9,0,0
635,1,2,0,28.0,0,0,13.0,0,0
636,0,3,1,32.0,0,0,7.925,1,1
637,0,2,1,31.0,1,1,26.25,1,1
638,0,3,0,41.0,0,5,39.6875,0,0
640,0,3,1,20.0,0,0,7.8542,1,1
641,1,1,0,24.0,0,0,69.3,0,0
642,0,3,0,2.0,3,2,27.9,0,0
644,1,3,0,0.75,2,1,19.2583,0,0
645,1,1,1,48.0,1,0,76.7292,1,1
646,0,3,1,19.0,0,0,7.8958,1,1
647,1,1,1,56.0,0,0,35.5,1,1
649,1,3,0,23.0,0,0,7.55,0,0
651,1,2,0,18.0,0,1,23.0,0,0
652,0,3,1,21.0,0,0,8.4333,1,1
654,0,3,0,18.0,0,0,6.75,0,0
655,0,2,1,24.0,2,0,73.5,1,1
657,0,3,0,32.0,1,1,15.5,0,0
658,0,2,1,23.0,0,0,13.0,1,1
659,0,1,1,58.0,0,2,113.275,1,1
660,1,1,1,50.0,2,0,133.65,1,1
661,0,3,1,40.0,0,0,7.225,1,1
662,0,1,1,47.0,0,0,25.5875,1,1
663,0,3,1,36.0,0,0,7.4958,1,1
664,1,3,1,20.0,1,0,7.925,1,1
665,0,2,1,32.0,2,0,73.5,1,1
666,0,2,1,25.0,0,0,13.0,1,1
668,0,3,1,43.0,0,0,8.05,1,1
670,1,2,0,40.0,1,1,39.0,0,0
671,0,1,1,31.0,1,0,52.0,1,1
672,0,2,1,70.0,0,0,10.5,1,1
673,1,2,1,31.0,0,0,13.0,1,1
675,0,3,1,18.0,0,0,7.775,1,1
676,0,3,1,24.5,0,0,8.05,1,1
677,1,3,0,18.0,0,0,9.8417,0,0
678,0,3,0,43.0,1,6,46.9,0,0
679,1,1,1,36.0,0,1,512.3292,1,1
681,1,1,1,27.0,0,0,76.7292,1,1
682,0,3,1,20.0,0,0,9.225,1,1
683,0,3,1,14.0,5,2,46.9,1,1
684,0,2,1,60.0,1,1,39.0,1,1
685,0,2,1,25.0,1,2,41.5792,1,1
686,0,3,1,14.0,4,1,39.6875,1,1
687,0,3,1,19.0,0,0,10.1708,1,1
688,0,3,1,18.0,0,0,7.7958,1,1
689,1,1,0,15.0,0,1,211.3375,0,0
690,1,1,1,31.0,1,0,57.0,1,1
691,1,3,0,4.0,0,1,13.4167,0,0
693,0,3,1,25.0,0,0,7.225,1,1
694,0,1,1,60.0,0,0,26.55,1,1
695,0,2,1,52.0,0,0,13.5,1,1
696,0,3,1,44.0,0,0,8.05,1,1
698,0,1,1,49.0,1,1,110.8833,1,1
699,0,3,1,42.0,0,0,7.65,1,1
700,1,1,0,18.0,1,0,227.525,0,0
701,1,1,1,35.0,0,0,26.2875,1,1
702,0,3,0,18.0,0,1,14.4542,0,0
703,0,3,1,25.0,0,0,7.7417,1,1
704,0,3,1,26.0,1,0,7.8542,1,1
705,0,2,1,39.0,0,0,26.0,1,1
706,1,2,0,45.0,0,0,13.5,0,0
707,1,1,1,42.0,0,0,26.2875,1,1
708,1,1,0,22.0,0,0,151.55,0,0
710,1,1,0,24.0,0,0,49.5042,0,0
712,1,1,1,48.0,1,0,52.0,1,1
713,0,3,1,29.0,0,0,9.4833,1,1
714,0,2,1,52.0,0,0,13.0,1,1
715,0,3,1,19.0,0,0,7.65,1,1
716,1,1,0,38.0,0,0,227.525,0,0
717,1,2,0,27.0,0,0,10.5,0,0
719,0,3,1,33.0,0,0,7.775,1,1
720,1,2,0,6.0,0,1,33.0,0,0
721,0,3,1,17.0,1,0,7.0542,1,1
722,0,2,1,34.0,0,0,13.0,1,1
723,0,2,1,50.0,0,0,13.0,1,1
724,1,1,1,27.0,1,0,53.1,1,1
725,0,3,1,20.0,0,0,8.6625,1,1
726,1,2,0,30.0,3,0,21.0,0,0
728,0,2,1,25.0,1,0,26.0,1,1
729,0,3,0,25.0,1,0,7.925,0,0
730,1,1,0,29.0,0,0,211.3375,0,0
731,0,3,1,11.0,0,0,18.7875,1,1
733,0,2,1,23.0,0,0,13.0,1,1
734,0,2,1,23.0,0,0,13.0,1,1
735,0,3,1,28.5,0,0,16.1,1,1
736,0,3,0,48.0,1,3,34.375,0,0
737,1,1,1,35.0,0,0,512.3292,1,1
741,0,1,1,36.0,1,0,78.85,1,1
742,1,1,0,21.0,2,2,262.375,0,0
743,0,3,1,24.0,1,0,16.1,1,1
744,1,3,1,31.0,0,0,7.925,1,1
745,0,1,1,70.0,1,1,71.0,1,1
746,0,3,1,16.0,1,1,20.25,1,1
747,1,2,0,30.0,0,0,13.0,0,0
748,0,1,1,19.0,1,0,53.1,1,1
749,0,3,1,31.0,0,0,7.75,1,1
750,1,2,0,4.0,1,1,23.0,0,0
751,1,3,1,6.0,0,1,12.475,1,1
752,0,3,1,33.0,0,0,9.5,1,1
753,0,3,1,23.0,0,0,7.8958,1,1
754,1,2,0,48.0,1,2,65.0,0,0
755,1,2,1,0.67,1,1,14.5,1,1
756,0,3,1,28.0,0,0,7.7958,1,1
757,0,2,1,18.0,0,0,11.5,1,1
758,0,3,1,34.0,0,0,8.05,1,1
759,1,1,0,33.0,0,0,86.5,0,0
761,0,3,1,41.0,0,0,7.125,1,1
762,1,3,1,20.0,0,0,7.2292,1,1
763,1,1,0,36.0,1,2,120.0,0,0
764,0,3,1,16.0,0,0,7.775,1,1
765,1,1,0,51.0,1,0,77.9583,0,0
767,0,3,0,30.5,0,0,7.75,0,0
769,0,3,1,32.0,0,0,8.3625,1,1
770,0,3,1,24.0,0,0,9.5,1,1
771,0,3,1,48.0,0,0,7.8542,1,1
772,0,2,0,57.0,0,0,10.5,0,0
774,1,2,0,54.0,1,3,23.0,0,0
775,0,3,1,18.0,0,0,7.75,1,1
777,1,3,0,5.0,0,0,12.475,0,0
779,1,1,0,43.0,0,1,211.3375,0,0
780,1,3,0,13.0,0,0,7.2292,0,0
781,1,1,0,17.0,1,0,57.0,0,0
782,0,1,1,29.0,0,0,30.0,1,1
784,0,3,1,25.0,0,0,7.05,1,1
785,0,3,1,25.0,0,0,7.25,1,1
786,1,3,0,18.0,0,0,7.4958,0,0
787,0,3,1,8.0,4,1,29.125,1,1
788,1,3,1,1.0,1,2,20.575,1,1
789,0,1,1,46.0,0,0,79.2,1,1
791,0,2,1,16.0,0,0,26.0,1,1
794,0,3,1,25.0,0,0,7.8958,1,1
795,0,2,1,39.0,0,0,13.0,1,1
796,1,1,0,49.0,0,0,25.9292,0,0
797,1,3,0,31.0,0,0,8.6833,0,0
798,0,3,1,30.0,0,0,7.2292,1,1
799,0,3,0,30.0,1,1,24.15,0,0
800,0,2,1,34.0,0,0,13.0,1,1
801,1,2,0,31.0,1,1,26.25,0,0
802,1,1,1,11.0,1,2,120.0,1,1
803,1,3,1,0.42,0,1,8.5167,1,1
804,1,3,1,27.0,0,0,6.975,1,1
805,0,3,1,31.0,0,0,7.775,1,1
806,0,1,1,39.0,0,0,0.0,1,1
807,0,3,0,18.0,0,0,7.775,0,0
808,0,2,1,39.0,0,0,13.0,1,1
809,1,1,0,33.0,1,0,53.1,0,0
810,0,3,1,26.0,0,0,7.8875,1,1
811,0,3,1,39.0,0,0,24.15,1,1
812,0,2,1,35.0,0,0,10.5,1,1
813,0,3,0,6.0,4,2,31.275,0,0
814,0,3,1,30.5,0,0,8.05,1,1
816,0,3,0,23.0,0,0,7.925,0,0
817,0,2,1,31.0,1,1,37.0042,1,1
818,0,3,1,43.0,0,0,6.45,1,1
819,0,3,1,10.0,3,2,27.9,1,1
820,1,1,0,52.0,1,1,93.5,0,0
821,1,3,1,27.0,0,0,8.6625,1,1
822,0,1,1,38.0,0,0,0.0,1,1
823,1,3,0,27.0,0,1,12.475,0,0
824,0,3,1,2.0,4,1,39.6875,1,1
827,1,2,1,1.0,0,2,37.0042,1,1
829,1,1,0,62.0,0,0,80.0,0,0
830,1,3,0,15.0,1,0,14.4542,0,0
831,1,2,1,0.83,1,1,18.75,1,1
833,0,3,1,23.0,0,0,7.8542,1,1
834,0,3,1,18.0,0,0,8.3,1,1
835,1,1,0,39.0,1,1,83.1583,0,0
836,0,3,1,21.0,0,0,8.6625,1,1
838,1,3,1,32.0,0,0,56.4958,1,1
840,0,3,1,20.0,0,0,7.925,1,1
841,0,2,1,16.0,0,0,10.5,1,1
842,1,1,0,30.0,0,0,31.0,0,0
843,0,3,1,34.5,0,0,6.4375,1,1
844,0,3,1,17.0,0,0,8.6625,1,1
845,0,3,1,42.0,0,0,7.55,1,1
847,0,3,1,35.0,0,0,7.8958,1,1
848,0,2,1,28.0,0,1,33.0,1,1
850,0,3,1,4.0,4,2,31.275,1,1
851,0,3,1,74.0,0,0,7.775,1,1
852,0,3,0,9.0,1,1,15.2458,0,0
853,1,1,0,16.0,0,1,39.4,0,0
854,0,2,0,44.0,1,0,26.0,0,0
855,1,3,0,18.0,0,1,9.35,0,0
856,1,1,0,45.0,1,1,164.8667,0,0
857,1,1,1,51.0,0,0,26.55,1,1
858,1,3,0,24.0,0,3,19.2583,0,0
860,0,3,1,41.0,2,0,14.1083,1,1
861,0,2,1,21.0,1,0,11.5,1,1
862,1,1,0,48.0,0,0,25.9292,0,0
864,0,2,1,24.0,0,0,13.0,1,1
865,1,2,0,42.0,0,0,13.0,0,0
866,1,2,0,27.0,1,0,13.8583,0,0
867,0,1,1,31.0,0,0,50.4958,1,1
869,1,3,1,4.0,1,1,11.1333,1,1
870,0,3,1,26.0,0,0,7.8958,1,1
871,1,1,0,47.0,1,1,52.5542,0,0
872,0,1,1,33.0,0,0,5.0,1,1
873,0,3,1,47.0,0,0,9.0,1,1
874,1,2,0,28.0,1,0,24.0,0,0
875,1,3,0,15.0,0,0,7.225,0,0
876,0,3,1,20.0,0,0,9.8458,1,1
877,0,3,1,19.0,0,0,7.8958,1,1
879,1,1,0,56.0,0,1,83.1583,0,0
880,1,2,0,25.0,0,1,26.0,0,0
881,0,3,1,33.0,0,0,7.8958,1,1
882,0,3,0,22.0,0,0,10.5167,0,0
883,0,2,1,28.0,0,0,10.5,1,1
884,0,3,1,25.0,0,0,7.05,1,1
885,0,3,0,39.0,0,5,29.125,0,0
886,0,2,1,27.0,0,0,13.0,1,1
887,1,1,0,19.0,0,0,30.0,0,0
889,1,1,1,26.0,0,0,30.0,1,1
890,0,3,1,32.0,0,0,7.75,1,1
